name,gender
Prénoms Musulmans Garçons,1
Signification,1
Zaahir,1
Zabiane,1
Zabiane,1
Zafer,1
Zahed,1
Zaher,1
Zahi,1
Zahir,1
Zaïdan,1
Zaïm,1
Zakaria,1
Zaker,1
Zaki,1
Zarif,1
Zayd,1
Zaydan,1
Zayed,1
Zehouan,1
Zehouane,1
Zelim,1
Zeroual,1
Ziad,1
Zyad,1
Zidane,1
Zaydane,1
Zihni,1
Zilal,1
Zilel,1
Zine,1
Zinedine,1
Prénoms Musulmans Garçons,1
Zinedine,1
Eddine,1
Zoheir,1
Zoheyr,1
Zouheyr,1
Zouhayr,1
Zoubeyr,1
Zoubir,1
Zoufar,1
Zouhad,1
Signification,1
Raad,1
Raaf,1
Rabah,1
Rabeh,1
Rabi,1
Rachad,1
Rached,1
Rachid,1
Rachik,1
Rachik,1
Rafan,1
Rafed,1
Rafid,1
Rafie,1
Rafik,1
Rafiq,1
Rafir,1
Rahdan,1
Rahef,1
Rahim,1
Talha,1
Prénoms Musulmans Garçons,1
Signification,1
Yaala,1
Yacoub,1
Aadil,1
Rahman,1
Rahmatallah,1
Rahmatoullah,1
Raif,1
Raïssan,1
Raja,1
Rajab,1
Rajeb,1
Rajem,1
Raji,1
Rajouane,1
Rakin,1
Rakine,1
Ralib,1
Rami,1
Ramiz,1
Ramzi,1
Rani,1
Rany,1
Rashad,1
Rassane,1
Rassid,1
Rassine,1
Rassoul,1
Rasoul,1
Rathid,1
Raouf,1
Rayane,1
Rayan,1
Razak,1
Razek,1
Reda,1
Tamer,1
Tamil,1
Tasnim,1
Taweb,1
Tawfik,1
Temam,1
Temim,1
Yafour,1
Yahya,1
Yakine,1
Yakin,1
Yamam,1
Yamani,1
Yamin,1
Yanis,1
Yasir,1
Yassar,1
Yasser,1
Yassin,1
Yazeed,1
Yazid,1
Yazid,1
emine,1
Younes,1
Younous,1
Yunus,1
Yousri,1
Youssef,1
Yousuf,1
Abbad,1
Abidi,1
Abbas,1
Aamir,1
Aassil,1
Aatar,1
Abab,1
Abadil,1
Abak,1
Abane,1
Abbad,1
Abbas,1
Abboud,1
Abchar,1
Abdal,1
Abed,1
Abid,1
Abdalklah,1
Abdoullah,1
Abdane,1
Abdar,1
Abdechafi,1
Abdelhaq,1
Abdechahid,1
Abdechakour,1
Abdedari,1
Abdeladel,1
Ridha,1
Redallah,1
Redouane,1
Redwan,1
Reïane,1
Reihane,1
Reyhane,1
Rejouane,1
Reza,1
Rezak,1
Rezzak,1
Riad,1
Ridouane,1
Ridwan,1
Rimah,1
Rifaa,1
Riyad,1
Riyas,1
Abdeladhim,1
Abdelali,1
Abdelalim,1
Abdelatif,1
Abdelazim,1
Abdelaziz,1
Abdelbahdil,1
Abdelbadi,1
Abdelbaki,1
Abdelbar,1
Abdelbassir,1
Abdeldjalil,1
Abdelfattah,1
Abdelghafour,1
Abdelghani,1
Abdelhafid,1
Abdelhahad,1
Abdelhadi,1
Abdelhak,1
Abdelhakim,1
Abdelhamid,1
Abdel'ati,1
Abdelaziz,1
Abdelhalim,1
Abdelilah,1
Abdeljabar,1
Abdeljalil,1
Abdelkader,1
Rochdi,1
Rouchdi,1
Roumayh,1
Roumi,1
Roweid,1
Abdelkarim,1
Abdellatif,1
Abdelmadjid,1
Abdelmajid,1
Abdelmalik,1
Abdelmalek,1
Abdelmoujib,1
Abdelmoumen,1
Abdenour,1
Abderrahim,1
Abderrahman,1
Abderrazek,1
Abderrazak,1
Abdessalem,1
Abdesalam,1
Abdessatar,1
Abdouh,1
Abdou,1
Abdoullah,1
Abdoun,1
Abed,1
Abbad,1
Abhar,1
Abid,1
Abidine,1
Ablaj,1
Abou bakr,1
Abyan,1
Acheq,1
Achiq,1
Achir,1
Achour,1
Achraf,1
Acil,1
Adam,1
Prénoms Musulmans Garçons,1
Adel,1
Adil,1
Aderbal,1
Adib,1
Adid,1
Adnane,1
Afdal,1
Ahmed,1
Afif,1
Afef,1
Afnane,1
Agib,1
Ahsene,1
Ajwad,1
Akef,1
Akhil,1
Aïssa,1
Akmar,1
Akram,1
Absame,1
Absame,1
Allal,1
Altair,1
Aimane,1
Signification,1
Obeïd,1
Obaid,1
Oced,1
Okacha,1
Okba,1
Okil,1
Omar,1
Omeïr,1
Oumaîr,1
Omeya,1
Oumaya,1
Ouadi,1
Ouadid,1
Ouafiq,1
Ouahid,1
Ouajih,1
Ouakil,1
Oualid,1
Ouassil,1
Osmane,1
Osman,1
Ossama,1
Oussama,1
Othman,1
Ouacil,1
Ouafi,1
Ouasmi,1
Amane,1
Amar,1
Amine,1
Amin,1
Amjad,1
Amir,1
Amor,1
Anas,1
Anis,1
Anwar,1
Aqil,1
Arif,1
Arine,1
Aroune,1
Arslane,1
Arsalane,1
Assad,1
Assaf,1
Aslane,1
Aslan,1
Attef,1
Awad,1
Ayad,1
Aylam,1
Ayman,1
Aymen,1
Ayoub,1
Azem,1
Azzam,1
Azzeddine,1
Azziz,1
Ouazine,1
Ouissal,1
Ouissal,1
Oulwan,1
Ourwa,1
Oussaïd,1
Prénoms Musulmans Garçons,1
Signification,1
Maad,1
Maamar,1
Maarouf,1
Marouf,1
Maatallah,1
Mabrouk,1
Mabsar,1
Madyan,1
Madiane,1
Mahad,1
Mahboub,1
Mahaj,1
Mahdi,1
Mehdi,1
Mahdy,1
Maher,1
Mahfoud,1
Mahjoub,1
Mahin,1
Maïmoun,1
Maïssour,1
Prénoms Musulmans Garçons,1
Prénoms Musulmans Garçons,1
Majd,1
Majd Udin,1
Majdi,1
Majdy,1
Majid,1
Makhlouf,1
Makin,1
makine,1
Malek,1
Malih,1
Malik,1
Malick,1
Malouf,1
Mamdouh,1
Mamoune,1
Mamoun,1
Manal,1
Manal,1
Manil,1
Mansour,1
Maoulid,1
Signification,1
Saad,1
Saadeddine,1
Saadane,1
Saadi,1
Saadi,1
Saber,1
Saber,1
Sabih,1
Sabir,1
Sabri,1
Sadad,1
Saddam,1
Sadam,1
Sadek,1
Sadi,1
Signification,1
Nabah,1
Naber,1
Nabil,1
Nabir,1
Nacer,1
Nasser,1
Nassir,1
Nachit,1
Nacil,1
Nassim,1
Nadem,1
Nader,1
Nadir,1
Nadji,1
Nadjib,1
Nafaa,1
Nafed,1
Nafis,1
Nahar,1
Nahd,1
Nahel,1
Najah,1
Najeb,1
Najib,1
Nadjib,1
Najid,1
Najih,1
Najim,1
Najmi,1
Najouane,1
Namir,1
Naoual,1
Naouar,1
Naoufel,1
Maram,1
Marhane,1
Marjoub,1
Marouane,1
Marwan,1
Mashir,1
Massoud,1
Mayadmehd,1
Mawr,1
Mayas,1
Marouane,1
Marwan,1
Mejd,1
Mejid,1
Messaoud,1
Meyssane,1
Mijad,1
Mimoun,1
Missal,1
Mebarak,1
Miloud,1
Mimoun,1
Minjad,1
Mishaal,1
Miyas,1
Moha,1
Mohamed,1
Muhammad,1
Mohcine,1
Mohssine,1
Mokadem,1
Moukadem,1
Mokhtar,1
Prénoms Musulmans Garçons,1
Safar,1
Safiy,1
Safi,1
Safir,1
Safwan,1
Safouane,1
Safouane,1
Sahab,1
Sahel,1
Sahil,1
Sahir,1
Saïd,1
Saïf,1
Saïf el islam,1
Sajed,1
Sajid,1
Saji,1
Sakha,1
Sakhri,1
Salah,1
Naoufal,1
Nasr,1
Nasrallah,1
Nasri,1
Nassam,1
Nassih,1
Nasseh,1
Nassik,1
Nassim,1
Nawaf,1
Nawfel,1
Nawwar,1
Nayel,1
Nazir,1
Nehd,1
Nehlan,1
Nessim,1
Nejmi,1
Nejm,1
Nezir,1
Nibal,1
Nidal,1
Nidal,1
Nizam,1
Noaïm,1
Noham,1
Nou'm,1
Nour,1
Noor,1
Nour eddinne,1
Noori,1
Nouri,1
Nordine,1
Noordine,1
Momene,1
Moncef,1
Mostafa,1
Moustapha,1
Mustapha,1
Mustapha,1
Mustafa,1
Mouadh,1
Mouad,1
Mouamar,1
Mouammar,1
Moubachir,1
Moubarak,1
Moubin,1
Moudrik,1
Moudafar,1
Moudhafar,1
Moufid,1
Mouhib,1
Mouflih,1
Mouhayr,1
Mouhlam,1
Mouhsine,1
Mou'izz,1
Moujab,1
Mojab,1
Moujahid,1
Moujib,1
Signification,1
Wabil,1
Wacil,1
Wadah,1
Waddah,1
Wadi,1
Wadid,1
Wadie,1
Wafi,1
Wafik,1
Wahab,1
Waheb,1
Wahhaj,1
Wahib,1
Wahib,1
Wahid,1
Wajdane,1
Wajdi,1
Wajih,1
Wakil,1
Walid,1
Waniss,1
Salahedinne,1
Salam,1
Salama,1
Saleh,1
Salem,1
Salih,1
Salim,1
Salmane,1
Salman,1
Sami,1
Samy,1
Samih,1
Samir,1
Sanad,1
Sandari,1
Saouar,1
Saquib,1
Saqr,1
Sarfan,1
Sarmad,1
Saroua,1
Sawban,1
Sayeh,1
Sayed,1
Sayid,1
Sayf Udin,1
Sayf Eddine,1
Sedid,1
Seddik,1
Prénoms Musulmans Garçons,1
Nouh,1
Nouh,1
Nowar,1
Prénoms Musulmans Garçons,1
Moukhlis,1
Mouloud,1
Mawloud,1
Moumen,1
Moumine,1
Moundir,1
Mounib,1
Mounir,1
Mounji,1
Mounjib,1
Mounjid,1
Mounsif,1
Mountasir,1
Mounsef,1
Mouqabal,1
Mourad,1
Mourid,1
Mourtada,1
Wardane,1
Wardy,1
Wassef,1
Wassem,1
Wissem,1
Wassfi,1
Wassil,1
Wassim,1
Wazine,1
Whatik,1
Whatik,1
Seffah,1
Seif,1
Sellam,1
Selim,1
Semaane,1
Selman,1
Selmane,1
Seraj,1
Serhan,1
Serhane,1
Shabab,1
Shady,1
Shafi,1
Shafik,1
Shafiq,1
Shahim,1
Shakil,1
Shamas,1
Shams Eddine,1
Chems Eddine,1
Sharif,1
Shihab,1
Shiraz,1
Sheraz,1
Sindid,1
Sirhane,1
Siraj,1
Siwan,1
Slimane,1
Smaïn,1
Sobhane,1
Sobhi,1
Sofiane,1
Signification,1
Jabalah,1
Jabal,1
Jaber,1
Jabil,1
Jabir,1
Jabrane,1
Jabrane,1
Jady,1
Jaffar,1
Jafar,1
Jahed,1
Jahid,1
Jahir,1
Jahir,1
Jalal,1
Jalel,1
Jalal Udin,1
Jalal Eddine,1
Jalil,1
Jalis,1
Jamal,1
Jamal Udin,1
Jamal Eddine,1
Jamil,1
Jamel,1
Jaouad,1
Jaoud,1
Jarah,1
Jari,1
Signification,1
Kaab,1
Kacem,1
Kada,1
Prénom algérien,1
Kadar,1
Kadari,1
Kader,1
Kadir,1
Kadoum,1
Kaddour,1
Kadour,1
Kafour,1
Kahil,1
Kaïd,1
Kaïm,1
Kalim,1
Kaliq,1
Kaïs,1
Kamal,1
Mourtadi,1
Mouslih,1
Mouslim,1
Moutahar,1
Mouatassim,1
Moutawakil,1
Mouzaffar,1
Mozhir,1
Mustaquim,1
Moustaquim,1
Mostaquim,1
Sofian,1
Soufiane,1
Sohail,1
Sohan,1
Soan,1
Soheib,1
Souhaib,1
Souheib,1
Soheyb,1
Sohil,1
Sohmane,1
Soleyman,1
Souliman,1
Souleyman,1
Soltan,1
Soultane,1
Soultane,1
Suhail,1
Prénoms Musulmans Garçons,1
Jarim,1
Jasim,1
Jasser,1
Jawad,1
Jawed,1
Jawdah,1
Jawdat,1
Jawhar,1
Jayad,1
Jazib,1
Jazil,1
Jebel,1
Jelel,1
Jalel,1
Jelil,1
Jelloul,1
Jemil,1
Jeyad,1
Jibril,1
Jihad,1
Jilali,1
Jilani,1
Jiwa,1
Jiyyed,1
Joubair,1
Joubayr,1
Joulab,1
Joudi,1
Jomala,1
Jounaid,1
Jounayd,1
Jounaidi,1
Joubayr,1
Joudan,1
Joulab,1
Kamel,1
Kamil,1
Karam,1
Karem,1
Karif,1
Karim,1
Kasib,1
Kasim,1
Kassab,1
Kassam,1
Kateb,1
Khatib,1
Kawkab,1
Kazem,1
Keyan,1
Khadim,1
Khairy,1
Khalaf,1
Khaled,1
Khalid,1
Khalil,1
Khalifah,1
Prénoms Musulmans Garçons,1
Signification,1
Signification,1
Ibady,1
Ibrahim,1
Ibriz,1
Ibsar,1
Idir,1
Prénom berbère.,1
Idriss,1
Idris,1
Ifran,1
Ihab,1
Ihsen,1
Ihssene,1
Ihmas,1
Ihsan,1
Ijlal,1
Ikbal,1
Ikhlas,1
Ikram,1
Ilhamy,1
Ilias,1
Ilyas,1
Ilyes,1
Imad,1
Imade,1
Himad,1
Imed,1
Imaad,1
Imad,1
Eddine,1
Joumala,1
Jouwad,1
Juma,1
Junaid,1
Junayd,1
Juzar,1
Juzar,1
Khalifa,1
Khalis,1
Khamis,1
Khanan,1
Khatib,1
Khidrim,1
Kinan,1
Kiyan,1
Koumaïl,1
Koumeil,1
Kounout,1
Koussam,1
Labed,1
Labib,1
Lâ'iq,1
Laïq,1
Lakdhar,1
Lablâb,1
Lâhiz,1
Lamine,1
Larbi,1
Larabi,1
Latif,1
Layin,1
Layth,1
Lika,1
Liwa,1
Lofti,1
Lu'ay,1
Luqman,1
Louqman,1
Loqman,1
Loqman,1
Loqman,1
Lotfy,1
Lufti,1
Lutayf,1
Louthayf,1
Imad,1
dine,1
imadeddine,1
Iman,1
Udin,1
Imam,1
Imran,1
Imrane,1
Imrân,1
Imtiyaz,1
In'am,1
Iqbal,1
Irchad,1
Irched,1
Irfane,1
Irfan,1
Irfân,1
Irshad,1
Ishak,1
Ishrat,1
Issam,1
Islem,1
Ismaël,1
Ismet,1
Ismat,1
Issa,1
Izmim,1
Prénoms Musulmans Garçons,1
Signification,1
Gebrane,1
Gebril,1
Jibril,1
Ghadaf,1
Ghadi,1
Ghadir,1
Ghadwan,1
Ghaffour,1
Ghaïssane,1
Ghaït,1
Ghalib,1
Ghani,1
Ghannem,1
Ghanem,1
Ghanim,1
Ghaoui,1
Ghassan,1
Ghassane,1
Ghawth,1
Ghaylan,1
Ghazal,1
Ghazi,1
Ghaziz,1
Ghiath,1
Ghenim,1
Gihed,1
Jihad,1
Ghiyath,1
Ghorane,1
Prénoms Musulmans Garçons,1
Ghoufrane,1
Signification,1
Haazir,1
Habbabe,1
Habib,1
Hachem,1
Hachid,1
Hachim,1
Hachir,1
Hachmi,1
Hacine,1
Hadi,1
Hafed,1
Hafez,1
Hafid,1
Hafif,1
Hafiz,1
Haider,1
Hajal,1
Hakim,1
Haïtham,1
Hajir,1
Hakem,1
Hakim,1
Halim,1
Hammadi,1
Hamid,1
Hamis,1
Hamim,1
Hammadi,1
Hanafi,1
Hani,1
Hanif,1
Hares,1
Haroun,1
Hatem,1
Hatim,1
Haydar,1
Haytam,1
Hayyane,1
Hazem,1
Hazim,1
Helwane,1
Hicham,1
Hichem,1
Hisham,1
Hichmat,1
Haytam,1
Houbayche,1
Houmeid,1
Houssam,1
Hosseïn,1
Husseïn,1
Housny,1
Hosni,1
Houd,1
Humam,1
Signification,1
Echik,1
Echir,1
Ecil,1
Asil,1
Ekil,1
Akil,1
Elarabi,1
Elias,1
Ilias,1
Ilies,1
Eliyacin,1
Eliassa,1
Emin,1
Amin,1
Enas,1
Erib,1
Arib,1
Equi,1
Aquil,1
Erkan,1
Esmat,1
Ismat,1
Essam,1
Issam,1
Prénoms Musulmans Garçons,1
Signification,1
Camil,1
Chabib,1
Chadheur,1
Shadr,1
Chaddad,1
Chadi,1
Shadi,1
Chadid,1
Chahdar,1
Shahdar,1
Chadli,1
Chafi,1
Chafik,1
Shafik,1
Chahed,1
Shahid,1
Chahder,1
Chahine,1
Chahir,1
Chaker,1
Chakib,1
Chalel,1
Chamekh,1
Chamikh,1
Chamil,1
Chamis,1
Chams,1
Chems,1
Chamseddine,1
Chanib,1
Charaf,1
Charef,1
Charafedine,1
Charif,1
Cherif,1
Chawal,1
Chawdeb,1
Chawki,1
Chaybane,1
Chebib,1
Shabib,1
Chehda,1
Chedid,1
Chahid,1
Chems,1
Chihab,1
Chiheb,1
Chihabeddine,1
Choukri,1
Chiheb,1
Choumays,1
Shumays,1
Prénoms Musulmans Garçons,1
Signification,1
Dahab,1
Dahy,1
Dahman,1
Daji,1
Dakwan,1
Dalham,1
Dalil,1
Daly,1
Dali,1
Danan,1
Dani,1
Dany,1
Dahoub,1
Daoud,1
Daran,1
Dari,1
Dary,1
Darine,1
Dawad,1
Dawadi,1
Dawsar,1
Dawy,1
Dayazell,1
Dhafir,1
Dhakir,1
Dhakiy,1
Dhakwan,1
Dhakwan,1
Dilham,1
Dine,1
Dirgham,1
Djafar,1
Djamel,1
Djamil,1
Djawad,1
Djaouad,1
Djelloul,1
Djibril,1
Jibril,1
Djillali,1
Driss,1
Idriss,1
Bachache,1
Bachar,1
Bachir,1
Badawi,1
Badaoui,1
Badi,1
Badil,1
Badir,1
Badr,1
Badreddine,1
Badr,1
Eddine,1
Baha,1
Eddine,1
Baha,1
Badr,1
Udin,1
Baha,1
Baher,1
Bahij,1
Bahi,1
Bahir,1
Bakir,1
Bakri,1
Baligh,1
Bandar,1
Bâqi,1
Baqir,1
Bara,1
Barak,1
Barakah,1
Bäri,1
Barir,1
Barkat,1
Bârr,1
Basel,1
Basil,1
Bassil,1
Bâsâm,1
Bassam,1
Bassem,1
Bessem,1
Bashâr,1
Bashir,1
Bassim,1
Batal,1
Bayan,1
Bechir,1
Behzad,1
Belaïd,1
Prénom berbère,1
Belhaj,1
Prénom berbère,1
Béjil,1
Bajil,1
Belkacem,1
Bijal,1
Bilal,1
Bilel,1
Bishr,1
Boualem,1
Boubacar,1
Boubakeur,1
Boujemaa,1
Boudjemaa,1
Boumedienne,1
Bourhane,1
Borhene,1
Boutrous,1
Bouziane,1
Bouzid,1
Brahim,1
Burhanudin,1
Prénoms Musulmans Garçons,1
Signification,1
Fadel,1
Fahad,1
Fahd,1
Fehd,1
Fadi,1
Fahdi,1
Fadil,1
Fadl,1
Fadlane,1
Fadwane,1
Fael,1
Faël,1
Fahd,1
Fahil,1
Fahim,1
Fahmane,1
Fahmi,1
Faisal,1
Faïd,1
Faïq,1
Faiz,1
Faïz,1
Fakher,1
Fakhri,1
Fakhry,1
Fakih,1
Falak,1
Faleh,1
Falah,1
Falih,1
Faraj,1
Fairouz,1
(Firouz) Mixte.,1
Fajr,1
Faltane,1
Faouz,1
Faraj,1
Farhane,1
Fahran,1
Fares,1
Faris,1
Farid,1
Faris,1
Fariz,1
Farouk,1
Fassih,1
Fateh,1
Faten,1
Fatin,1
Fatih,1
Fatim,1
Fatoun,1
Faudel,1
Fawwaz,1
Fawzi,1
Faycal,1
Fayad,1
Fayd,1
Fayyad,1
Fayek,1
Fawaz,1
Fawzi,1
Ferhat,1
Fethi,1
Ferhane,1
Ferqane,1
Fettah,1
Fida,1
Fikri,1
Firas,1
Fodayl,1
Faudel,1
Fodil,1
Fouad,1
Foued,1
Fourad,1
Fudail,1
name,gender
Ababil,1
Abhar,1
Abeda,1
Abia,1
Aabicha,1
Abida,1
Abir,1
Abla,1
Abouch,1
Abra,1
Abrar,1
Achika,1
Acheqa,1
Achoura,1
Achoura,1
Adeela,1
Adela,1
Adhba,1
Adiba,1
Adila,1
Adra,1
Adhraa,1
Adhria,1
Adria,1
Adina,1
Adiva,1
Adla,1
Adlae,1
Adlia,1
Adma,1
Afaf,1
Afef,1
Afaq,1
Afia,1
Afifa,1
Afia,1
Afnane,1
Aafraa,1
Afsa,1
Afsana,1
Ahdaf,1
Ahdaf,1
Ahdaf,1
Ahlam,1
Ahlem,1
Ahouaz,1
Aïcha,1
Ayacha,1
Aïchatou,1
Aïda,1
Aïna,1
Aïna,1
Aqila,1
Akic,1
Aqic,1
Alhane,1
Alaia,1
Alia,1
Alya,1
Alifa,1
Alima,1
Alina,1
Alisha,1
Aliya,1
Alya,1
Alya,1
Aaliyah,1
Alyia,1
Allyah,1
Alia,1
Alliyah,1
Alma,1
Alouane,1
Alouf,1
Alwa,1
Aloua,1
Amal,1
Amel,1
Amelle,1
Amana,1
Amane,1
Aman,1
Amani,1
Amara,1
Amaya,1
Amelia,1
Amaliya,1
Amalia,1
Ambre,1
Ambrine,1
Ameina,1
Amenis,1
(Prénom égyptien ancien),1
Amila,1
Amina,1
Aminatou,1
Amira,1
Amna,1
Amra,1
Amria,1
Andala,1
Anadile,1
Ania,1
Anida,1
Aniqa,1
Anissa,1
Anisah,1
Aneesa,1
Aouatif,1
Arifa,1
Arij,1
Arshiya,1
Arwa,1
Asalah,1
Asifa,1
Asiya,1
Asjade,1
Asmaa,1
Asma,1
Asmae,1
Asmahane,1
Asmat,1
Assia,1
Asra,1
Asrar,1
Assila,1
Atifa,1
Atefa,1
Atiqa,1
Atiqua,1
Atiya,1
Awalif,1
Awanis,1
Awatef,1
Awatif,1
Awatif,1
Ayat,1
Ayada,1
(Prénom ancien),1
Ayan,1
Ayana,1
Ayate,1
Aymen,1
Ayra,1
Azhar,1
Azima,1
Azhima,1
Aziza,1
Azeeza,1
Azmiya,1
Azmia,1
Azza,1
aadana,1
Saada,1
Saadia,1
Saamiya,1
Sabae,1
Sabah,1
Sabeha,1
Sabia,1
Sabla,1
Sadia,1
Safae,1
Saffana,1
Safia,1
Safiya,1
Safera,1
Safoua,1
Safwa,1
Sajda,1
Sahar,1
Sahira,1
Saïba,1
Sajoua,1
Sakia,1
Salam,1
Salma,1
Samaa,1
Sanae,1
Saroua,1
Sarwa,1
Sayfana,1
Sedina,1
ephora,1
Safoura,1
Shahd,1
Sirine,1
Soheila,1
Soukeina,1
Soukayna,1
Soundous,1
Sourour,1
Yenia,1
Obabe,1
Odaïba,1
Oudhayba,1
Okhowa,1
Olaya,1
Olayya,1
Nabila,1
Olfa,1
Oulfa,1
Omaya,1
Omeya,1
Omera,1
Omnia,1
Omniya,1
Ouacila,1
Ouadia,1
Ouadida,1
Ouadha,1
Ouafa,1
Ouafiqa,1
Ouafiya,1
Ouahiba,1
Ouhahida,1
Ouajida,1
Ouajiha,1
Ouajna,1
Oualaya,1
Oualiya,1
Oualida,1
Ouarda (Warda),1
Ouassama,1
Ouassima,1
Ouasma,1
Oubayda,1
Oudayna,1
Oudhouba,1
Ouajiha,1
Ouidad,1
Ouifaq,1
Ouissal,1
Oulfa,1
Oumaya,1
Nabeela,1
Nachéda,1
Nachita,1
Nacira,1
Nacera,1
Nada,1
Neda,1
Nadea,1
Nadema,1
Nadima,1
Nadera,1
Nadia,1
Nadida,1
Nadira,1
Nadiya,1
Nadjia,1
Nadjiba,1
Nadra,1
Nadwa,1
Naelle,1
Naema,1
Nafal,1
Oumayma,1
Oumaïma,1
Omayma,1
Oum Ayman,1
Oum Habiba,1
Oum Salama,1
Oumama,1
Oumniya,1
Oumsiya,1
Ounsiya,1
Ounsia,1
Oureiba,1
Ourayb,1
Ousfoura,1
Osfora,1
Oussaïma,1
Oussayma,1
Ouzouba,1
Qaïma,1
Quamar,1
Quasséma,1
Quassima,1
Quoudsia,1
Qounout,1
Kounout,1
Nafia,1
Nafisa,1
Nafissa,1
Naflah,1
Nagina,1
Nahar,1
Nahed,1
Nahra,1
Nahida,1
Nahla,1
Naïfa,1
Naïla,1
Nayla,1
Neyla,1
Naïma,1
Nayma,1
Naïm,1
Naïmallah,1
Naïmoullah,1
Najah,1
Najat,1
Najet,1
Nejah,1
Najia,1
Najiba,1
Najiya,1
Najat,1
Najwa,1
Najoua,1
Najla,1
Najlae,1
Nejla,1
Najma,1
Nedjma,1
Najmia,1
Najmiya,1
Najoua,1
Najwa,1
Najoud,1
Najya,1
Namia,1
Naoual,1
Naoura,1
Narima,1
Narjess,1
Narjis,1
Nardjess,1
Nassera,1
Nashida,1
Nashita,1
Nasira,1
Nasma,1
Nasria,1
Nasriya,1
Nassama,1
Nasseha,1
Nassiha,1
Nassera,1
Nassira,1
Nassiba,1
Nassika,1
Nassima,1
Nessima,1
Natira,1
Nathira,1
Nawal,1
Nawel,1
Nawar,1
Nawfa,1
Nawres,1
Nawras,1
Nawrae,1
Nayara,1
Nayira,1
Nayla,1
Neila,1
Neila,1
Nazaha,1
Nazema,1
Naziha,1
Nazima,1
Nazira,1
Naziya,1
Nazma,1
Nedjwa,1
Nehida,1
Nefissa,1
Nehla,1
Nejiba,1
Nejla,1
Nejma,1
Nellia,1
Nérimane,1
Nermine,1
Nesayem,1
Nesrine,1
Nasrine,1
Nissrine,1
Nessima,1
Nezha,1
Neziha,1
Nezli,1
Nibal,1
Nihal,1
Nimat,1
Nima,1
Nisrina,1
Nissam,1
Nizam,1
Noha,1
Nouha,1
Nora,1
Nour,1
Noor,1
Nouara,1
Nouhad,1
Nourallah,1
Nour elislam,1
Nourjahane,1
Nourelhaq,1
Norane,1
Nourane,1
Noria,1
Nouria,1
Nouriya,1
Nouha,1
Nourjahan,1
Noussayba,1
Nouzha,1
Nudhar,1
Nuha,1
Nusra,1
Laali,1
Labwa,1
Ladna,1
Ledna,1
Lafifa,1
Laela,1
Lahna,1
Lehna,1
Lena,1
Lalie,1
Laali,1
Laïtha,1
Layta,1
Lamaane,1
Lamha,1
Laouza,1
Lawza,1
Louza,1
Latifa,1
Layina,1
Laylak,1
Laymona,1
Lekbira,1
Létine,1
Leyal,1
Layal,1
Lila,1
Lilia,1
Line,1
Line,1
Lotfia,1
Louna,1
Lona,1
Louzia,1
Luwaysa,1
Louwaysa,1
Kabboura,1
Kabira,1
Kaceba,1
Kassaba,1
Kacema,1
Kadera,1
Kafia,1
Kafila,1
Khadima,1
Kahila,1
Kaïma,1
Kamila,1
Kamla,1
Kaneza,1
Karima,1
Kadhija,1
Kadhima,1
Kahla,1
Kahila,1
Kahina,1
Kamar,1
Kamal,1
Kamelia,1
Kamila,1
Kamil,1
Kaneza,1
Kaoussar,1
Karame,1
Karwana,1
karouana,1
Kassima,1
Kawkab,1
Kawtar,1
Kawtar,1
Kawthar,1
Kayrawan,1
Kerwan,1
Kaysara,1
Kazem,1
Kazema,1
Kasima,1
Kella,1
Keltoum,1
Kemila,1
Kenza,1
Khadouj,1
Khairiya,1
Khadra,1
Khalal,1
Khalfia,1
Khalissa,1
kalissa,1
Khaoula,1
Khatiba,1
Khatima,1
Khawda,1
Khawla,1
Kheira,1
Khaïra,1
Kheylae,1
Kheylane,1
Kheizran,1
Khira,1
Khitam,1
Khiyara,1
Khnata,1
Khouloud,1
Koumriya,1
Khouzama,1
Kida,1
Kifah,1
Kouma,1
Koumeil,1
Kounaiza,1
Maani,1
Mabrouka,1
Machaa,1
Machiha,1
Mada,1
Madaniya,1
Madania,1
Madiha,1
Maha,1
Mahabbah,1
Mahaba,1
Mahassine,1
Mahat,1
Mahbouba,1
Mahdia,1
Mahdiya,1
Mahira,1
Mahnour,1
Mahjouba,1
Mahroussa,1
Majida,1
Maïmana,1
Maïmouna,1
Makina,1
Mardiya,1
Maïssoun,1
Maysoun,1
Maïssa,1
Maïssam,1
Maissane,1
Maysan,1
Maissara,1
Maïza,1
Majda,1
Majdiya,1
Majdia,1
Majdae,1
Majdouline,1
Majeda,1
Majida,1
Malak,1
Malak,1
Malaïka,1
Malda,1
Maliha,1
Malika,1
Mamdouha,1
Mahmouda,1
Mamouna,1
Manaar,1
Manal,1
Manoua,1
Mariam,1
Meryem,1
Maryam,1
Maram,1
Marhama,1
Maroua,1
Marwa,1
Mardiya,1
Maria,1
Marjane,1
Marjana,1
Morjane,1
Mourjane,1
Marwa,1
Marwane,1
Marzouqa,1
Massaouda,1
Mawiya,1
Mawish,1
Mawhouba,1
Mawlouda,1
Mawlouda,1
Mayassa,1
Mayla,1
Maymana,1
Maysam,1
Maysan,1
Maysane,1
Maysoun,1
Mazaya,1
Mazeya,1
Maziya,1
Meghighda,1
Mejd,1
Mehar,1
Mehek,1
Meimouna,1
Ibana,1
Memoona,1
Meliha,1
Melya,1
Mellina,1
Messara,1
Meissoum,1
Mejda,1
Messaouda,1
Midad,1
Milouda,1
Mimouna,1
Mina,1
Minane,1
Minnatallah,1
Minnatoullah,1
Minjad,1
Misha,1
Missal,1
Mobaraka,1
Mona,1
Monia,1
Moubachira,1
Moubina,1
Morjane,1
Moufida,1
Mounjiza,1
Mounia,1
Monya,1
Mouna,1
Mounya,1
Ibchar,1
Ibdaa,1
Ibdar,1
Ibtidaa,1
Ibtidar,1
Ibtihaj,1
Ibtihal,1
Ibtisam,1
Ibtissam,1
ibtissem,1
Icha,1
Ichraf,1
Ichrak,1
Ihab,1
Ihdiha,1
Ihsane,1
Ijara,1
Ijdhal,1
Ijdel,1
Ijzel,1
Ijlal,1
Ikmal,1
Iktimal,1
Ilham,1
Ilhem,1
Ilya,1
Mounira,1
Mouhsina,1
Moujaba,1
Moujia,1
Moukhlissa,1
Moukhtara,1
Moulhama,1
Moulaïka,1
Moumina,1
Mounawara,1
Mouniba,1
Mounifa,1
Mounira,1
Mounjia,1
Ghalia,1
Ghaliya,1
Garmiyya,1
Gamra,1
Ghada,1
Ghafira,1
Ghoufayra,1
Ghaith,1
Ghalia,1
Ghalibah,1
Habiba,1
Habka,1
Hachmia,1
Habdae,1
Ilia,1
Ilyana,1
Ilyane,1
Imane,1
Imene,1
Iman,1
Imtinane,1
Imtissal,1
Imtital,1
Inaame,1
Inaya,1
Inchirah,1
Inayya,1
Insyya,1
Iqbal,1
Ikbal,1
Irfane,1
Irna,1
Irtina,1
Irtinam,1
Ismahen,1
Islah,1
Islane,1
Isma,1
Ismae,1
Ismahen,1
Isra,1
Israe,1
Mounjida,1
Mountassira,1
Mourida,1
Mourlissa,1
Mourtara,1
Mosseika,1
Moutassima,1
Mouzafara,1
Mouzna,1
Mufida,1
Mumtaz,1
Munira,1
Mushira,1
Mourida,1
Ghaliyya,1
Ghaliya,1
Ghalia,1
Ghanima,1
Ghaniya,1
Ghannou,1
Gharam,1
Ghariba,1
Garmia,1
Ghaya,1
Ghayda,1
Ghayssana,1
Ghazal,1
Hachida,1
Hadaya,1
Hadba,1
Hedba,1
Hadiya,1
Hadda,1
Hadia,1
Hadna,1
Hedna,1
Hadria,1
Hafsa,1
Hafida,1
Hafiza,1
Hafsa,1
Haïda,1
Haifa,1
Hajja,1
Hajila,1
Hakka,1
Hakema,1
Hakima,1
Halae,1
Halia,1
Halima,1
Hamama,1
Hamida,1
Hamima,1
Hamissa,1
Hamsae,1
Hana,1
Hanane,1
Hanen,1
Hania,1
Issaad,1
Ithbate,1
Itbate,1
Isbate,1
Itimad,1
Itissam,1
ittisame,1
Itto,1
Itto,1
Izza,1
Jabha,1
Ghazala,1
Ghazela,1
Ghaziya,1
Ghimar,1
Ghita,1
Ghoufrane,1
Ghofrane,1
Ghouroub,1
Ghouzayl,1
Ghumayza,1
Ghziyyel,1
Gihed,1
Jihad,1
Gohar,1
Goucème,1
Goumria,1
Gulzar,1
Guraya,1
Hanifa,1
Hannou,1
Hanouna,1
Hasseba,1
Hassina,1
Hassiya,1
Haya,1
Hayaa,1
Hayâm,1
Hayam,1
Hayat,1
Hayba,1
Hayfaa,1
Haïfa,1
Halewa,1
Hayla,1
Haymane,1
Hazema,1
Haziza,1
Hedda,1
Hedia,1
Henda,1
Hiba,1
Hibae,1
Hidaya,1
Hikmat,1
Hilal,1
Hilala,1
Hilela,1
Hilyya,1
Helia,1
Hinna,1
Jabirah,1
Jabira,1
Jada,1
Jadwa,1
Jadira,1
Jedira,1
Jadhba,1
Jadba,1
Jahdiba,1
Jaziba,1
Jafla,1
Jafna,1
Jahida,1
Jaheda,1
Jahla,1
Jahlaa,1
Jahra,1
Jahira,1
Jalal,1
Jalel,1
Jalel,1
Jalel,1
Jamaste,1
Jamail,1
Jamale,1
Jamla,1
Janad,1
Janade,1
Janna,1
Jana,1
Janah,1
Jahra,1
Jahrae,1
Jalwae,1
Jannate,1
Jasmine,1
Jawna,1
Jaouna,1
Henna,1
Hind,1
Hinda,1
Hissane,1
Hiyam,1
Hobeyba,1
Honayna,1
Horra,1
Houda,1
Houlwa,1
Houma,1
Houra,1
Houriya,1
Houria,1
Housna,1
Housniyya,1
Jawwada,1
Jawda,1
Jaouda,1
Jawhar,1
Jawahir,1
Jawdana,1
Joudana,1
Jawida,1
Jayada,1
Jeyada,1
Jayda,1
Jaïda,1
Jazila,1
Jézila,1
Jazwa,1
Jelila,1
Jelwa,1
Jaloua,1
Jaloua,1
Jaloua,1
Jenna,1
Janna,1
Jethala,1
Jeyada,1
Jihad,1
Gihed,1
Jilan,1
Jilan,1
Jilan,1
Jinane,1
Jinen,1
Johaïna,1
Johayna,1
Houyyam,1
Houzouz,1
Houweitate,1
Johar,1
Joud,1
Joude,1
Jounada,1
Jonada,1
Jounayna,1
Jonayna,1
Junayna,1
Jouriya,1
ouwayda,1
Jouweria,1
Juhana,1
Fadela,1
Fadila,1
Fadhim,1
Fadia,1
Fadhla,1
Fadma,1
Fadwa,1
Fahima,1
Fahmia,1
Faïda,1
Faïqua,1
Fakhita,1
Fahkra,1
Falak,1
Falisha,1
Fama,1
Fanna,1
Famya,1
Fadila,1
Fadoua,1
Fadwa,1
Fahima,1
Fahmia,1
Fairouz,1
Faïza,1
Falak,1
Faouzia,1
Farah,1
Ferha,1
Farra,1
Farida,1
Fareedah,1
Fariha,1
Fariza,1
Farhana,1
Fariaa,1
Feriaa,1
Faroudja,1
Farouja,1
Farwa,1
Fassiha,1
Fatana,1
Faténa,1
Faten,1
Fatine,1
Fathia,1
Fatiha,1
Fatima,1
Fatim,1
Fatim Zohra,1
Fatim Ezzohra,1
Fatine,1
Fatma,1
Fatna,1
Fattouma,1
Fattoum,1
Fatna,1
Fayhae,1
Fawze,1
Fedda,1
Fella,1
Ferhana,1
Ferial,1
Feryel,1
Ferida,1
Fernaz,1
Fétina,1
Fetna,1
Fettouma,1
Fidae,1
Fida,1
Fikria,1
Fnina,1
Firassa,1
Firdaws,1
Fitna,1
Firouz,1
Firouza,1
Fodayla,1
Fodeila,1
Foulla,1
Ebla,1
Efrae,1
Ejna,1
Ekila,1
Eiliyah,1
Eimaan,1
Eman,1
Eliza,1
Elma,1
Emel,1
Emelle,1
Emina,1
Emla,1
Emma,1
Emma,1
Emna,1
Eniza,1
Eraj,1
Erina,1
Ermina,1
Erum,1
Eshal,1
Esma,1
Essa,1
Ezzah,1
Ezzahia,1
Ezzahra,1
Bacha,1
Bachécha,1
Bachira,1
Badda,1
Badhel,1
Badia,1
Badia,1
Badea,1
Badhila,1
Badira,1
Badiyah,1
Baddiya,1
Badiya,1
Badra,1
Badria,1
Badriya,1
Baha,1
Bahae,1
Bahar,1
Bahera,1
Bahia,1
Bahira,1
Bahiya,1
Bahja,1
Bahjat,1
Bahkta,1
Bahma,1
Bajla,1
Bajila,1
Bajlae,1
Baligha,1
Balira,1
Balsame,1
Balsam,1
Baqira,1
Baria,1
Bariah,1
Barira,1
Bariza,1
Barkha,1
Barka,1
Barza,1
Basma,1
Bassema,1
Bassima,1
Bashira,1
Basilah,1
Bassila,1
Batil,1
Batina,1
Batoul,1
Baya,1
Bayan,1
Bayda,1
Bazela,1
Bazila,1
Bazel,1
Bechira,1
Bedia,1
Bediaa,1
Beha,1
Behija,1
Behja,1
Bejila,1
Bella,1
Balla,1
Besma,1
Beya,1
Beyda,1
Bilad,1
Bissane,1
Bouchra,1
Boudour,1
Boussaïna,1
Bouthaïna,1
Buthayna,1
Btissam (ibtissam),1
Daad,1
Dahab,1
Dahwa,1
Dahoua,1
Dalal,1
Dalia,1
Dalila,1
Dalis,1
Daliyah,1
Daloula,1
Damia,1
Damina,1
Damissa,1
Damitha,1
Damatha,1
Dana,1
Daneen,1
Daniya,1
Dania,1
Daouia,1
Dajla,1
Darya,1
Dasin,1
Dawiya,1
Dawla,1
Dayffa,1
Deha,1
Delal,1
Delya,1
Demsa,1
Diba,1
Dihya,1
Damya,1
Dima,1
Dimah,1
Dhimam,1
Dhimam,1
Dimam,1
Diana,1
Diyana,1
Difla,1
Doufla,1
Dimaks,1
Dina,1
Dirwa,1
Dourwa,1
Diya,1
Djamila,1
Djemila,1
Djawida,1
Djaouida,1
Doha,1
Douha,1
Douja,1
Dounia,1
Donia,1
Dora,1
Dourra,1
Dorra,1
Douha,1
Dour,1
Dourria,1
Douria,1
Drifa,1
Drissia,1
Durriyah,1
name,gender
Prénoms Musulmans Garçons,1
Signification,1
Yaala,1
Yacoub,1
Yafour,1
Yahya,1
Yakine,1
Yakin,1
Yamam,1
Yamani,1
Yamin,1
Yanis,1
Yasir,1
Yassar,1
Yasser,1
Yassin,1
Yazeed,1
Yazid,1
Yazid,1
emine,1
Younes,1
Younous,1
Yunus,1
Yousri,1
Youssef,1
Yousuf,1
Prénoms Musulmans Garçons,1
Signification,1
Wabil,1
Wacil,1
Wadah,1
Waddah,1
Wadi,1
Wadid,1
Wadie,1
Wafi,1
Wafik,1
Wahab,1
Waheb,1
Wahhaj,1
Wahib,1
Wahib,1
Wahid,1
Wajdane,1
Wajdi,1
Wajih,1
Wakil,1
Walid,1
Waniss,1
Wardane,1
Wardy,1
Wassef,1
Wassem,1
Wissem,1
Wassfi,1
Wassil,1
Wassim,1
Aadil,1
Wazine,1
Whatik,1
Whatik,1
Abbad,1
Abidi,1
Abbas,1
Aamir,1
Aassil,1
Aatar,1
Abab,1
Abadil,1
Abak,1
Abane,1
Abbad,1
Abbas,1
Abboud,1
Abchar,1
Abdal,1
Prénoms Musulmans Garçons,1
Abed,1
Abid,1
Abdalklah,1
Abdoullah,1
Abdane,1
Abdar,1
Abdechafi,1
Abdelhaq,1
Abdechahid,1
Abdechakour,1
Abdedari,1
Abdeladel,1
Abdeladhim,1
Abdelali,1
Abdelalim,1
Abdelatif,1
Abdelazim,1
Abdelaziz,1
Abdelbahdil,1
Abdelbadi,1
Abdelbaki,1
Abdelbar,1
Abdelbassir,1
Abdeldjalil,1
Abdelfattah,1
Abdelghafour,1
Abdelghani,1
Abdelhafid,1
Abdelhahad,1
Abdelhadi,1
Abdelhak,1
Abdelhakim,1
Abdelhamid,1
Signification,1
Zaahir,1
Zabiane,1
Zabiane,1
Zafer,1
Zahed,1
Zaher,1
Zahi,1
Zahir,1
Zaïdan,1
Zaïm,1
Zakaria,1
Zaker,1
Zaki,1
Zarif,1
Zayd,1
Zaydan,1
Zayed,1
Zehouan,1
Zehouane,1
Zelim,1
Zeroual,1
Ziad,1
Abdel'ati,1
Abdelaziz,1
Abdelhalim,1
Abdelilah,1
Abdeljabar,1
Abdeljalil,1
Abdelkader,1
Abdelkarim,1
Abdellatif,1
Abdelmadjid,1
Abdelmajid,1
Abdelmalik,1
Abdelmalek,1
Abdelmoujib,1
Abdelmoumen,1
Abdenour,1
Abderrahim,1
Abderrahman,1
Abderrazek,1
Talha,1
Zyad,1
Zidane,1
Zaydane,1
Zihni,1
Zilal,1
Zilel,1
Zine,1
Zinedine,1
Zinedine,1
Eddine,1
Zoheir,1
Zoheyr,1
Zouheyr,1
Zouhayr,1
Zoubeyr,1
Zoubir,1
Zoufar,1
Zouhad,1
Abderrazak,1
Abdessalem,1
Abdesalam,1
Abdessatar,1
Abdouh,1
Abdou,1
Abdoullah,1
Abdoun,1
Abed,1
Abbad,1
Abhar,1
Abid,1
Abidine,1
Ablaj,1
Abou bakr,1
Abyan,1
Acheq,1
Achiq,1
Achir,1
Achour,1
Achraf,1
Acil,1
Adam,1
Adel,1
Adil,1
Aderbal,1
Adib,1
Adid,1
Tamer,1
Tamil,1
Tasnim,1
Taweb,1
Tawfik,1
Temam,1
Temim,1
Prénoms Musulmans Garçons,1
Adnane,1
Afdal,1
Ahmed,1
Afif,1
Afef,1
Afnane,1
Agib,1
Ahsene,1
Ajwad,1
Akef,1
Akhil,1
Aïssa,1
Akmar,1
Akram,1
Absame,1
Absame,1
Allal,1
Altair,1
Aimane,1
Amane,1
Amar,1
Amine,1
Amin,1
Amjad,1
Signification,1
Saad,1
Saadeddine,1
Saadane,1
Saadi,1
Saadi,1
Saber,1
Saber,1
Sabih,1
Sabir,1
Sabri,1
Sadad,1
Saddam,1
Sadam,1
Sadek,1
Sadi,1
Safar,1
Safiy,1
Safi,1
Safir,1
Safwan,1
Safouane,1
Safouane,1
Sahab,1
Sahel,1
Sahil,1
Amir,1
Amor,1
Anas,1
Anis,1
Anwar,1
Aqil,1
Arif,1
Arine,1
Aroune,1
Arslane,1
Arsalane,1
Assad,1
Assaf,1
Aslane,1
Aslan,1
Attef,1
Awad,1
Ayad,1
Aylam,1
Sahir,1
Saïd,1
Saïf,1
Saïf el islam,1
Sajed,1
Sajid,1
Saji,1
Sakha,1
Sakhri,1
Salah,1
Salahedinne,1
Salam,1
Salama,1
Saleh,1
Salem,1
Salih,1
Salim,1
Salmane,1
Salman,1
Sami,1
Samy,1
Samih,1
Samir,1
Sanad,1
Sandari,1
Saouar,1
Saquib,1
Saqr,1
Sarfan,1
Sarmad,1
Saroua,1
Sawban,1
Sayeh,1
Ayman,1
Aymen,1
Ayoub,1
Azem,1
Azzam,1
Azzeddine,1
Azziz,1
Sayed,1
Sayid,1
Sayf Udin,1
Sayf Eddine,1
Sedid,1
Seddik,1
Seffah,1
Seif,1
Sellam,1
Selim,1
Semaane,1
Selman,1
Selmane,1
Seraj,1
Serhan,1
Serhane,1
Shabab,1
Shady,1
Shafi,1
Shafik,1
Shafiq,1
Shahim,1
Prénoms Musulmans Garçons,1
Shakil,1
Shamas,1
Shams Eddine,1
Chems Eddine,1
Sharif,1
Shihab,1
Shiraz,1
Sheraz,1
Sindid,1
Sirhane,1
Siraj,1
Siwan,1
Slimane,1
Smaïn,1
Sobhane,1
Sobhi,1
Sofiane,1
Sofian,1
Soufiane,1
Sohail,1
Sohan,1
Signification,1
Obeïd,1
Obaid,1
Oced,1
Okacha,1
Okba,1
Okil,1
Omar,1
Omeïr,1
Oumaîr,1
Omeya,1
Oumaya,1
Ouadi,1
Ouadid,1
Ouafiq,1
Ouahid,1
Ouajih,1
Ouakil,1
Oualid,1
Ouassil,1
Osmane,1
Osman,1
Ossama,1
Oussama,1
Othman,1
Ouacil,1
Ouafi,1
Ouasmi,1
Soan,1
Soheib,1
Souhaib,1
Souheib,1
Soheyb,1
Sohil,1
Sohmane,1
Soleyman,1
Souliman,1
Souleyman,1
Soltan,1
Soultane,1
Soultane,1
Suhail,1
Prénoms Musulmans Garçons,1
Ouazine,1
Ouissal,1
Ouissal,1
Oulwan,1
Ourwa,1
Oussaïd,1
Signification,1
Raad,1
Raaf,1
Rabah,1
Rabeh,1
Rabi,1
Rachad,1
Rached,1
Rachid,1
Rachik,1
Rachik,1
Rafan,1
Rafed,1
Rafid,1
Rafie,1
Rafik,1
Rafiq,1
Rafir,1
Rahdan,1
Rahef,1
Rahim,1
Rahman,1
Rahmatallah,1
Rahmatoullah,1
Raif,1
Raïssan,1
Raja,1
Rajab,1
Rajeb,1
Rajem,1
Raji,1
Rajouane,1
Rakin,1
Rakine,1
Ralib,1
Rami,1
Ramiz,1
Ramzi,1
Rani,1
Rany,1
Rashad,1
Rassane,1
Rassid,1
Rassine,1
Rassoul,1
Rasoul,1
Rathid,1
Raouf,1
Rayane,1
Rayan,1
Razak,1
Razek,1
Reda,1
Ridha,1
Redallah,1
Redouane,1
Redwan,1
Reïane,1
Reihane,1
Reyhane,1
Rejouane,1
Reza,1
Rezak,1
Rezzak,1
Riad,1
Ridouane,1
Ridwan,1
Rimah,1
Rifaa,1
Riyad,1
Riyas,1
Rochdi,1
Rouchdi,1
Roumayh,1
Roumi,1
Roweid,1
Prénoms Musulmans Garçons,1
Signification,1
Kaab,1
Kacem,1
Kada,1
Prénom algérien,1
Kadar,1
Kadari,1
Kader,1
Kadir,1
Kadoum,1
Kaddour,1
Kadour,1
Kafour,1
Kahil,1
Kaïd,1
Kaïm,1
Kalim,1
Kaliq,1
Kaïs,1
Kamal,1
Kamel,1
Kamil,1
Karam,1
Karem,1
Karif,1
Karim,1
Kasib,1
Kasim,1
Kassab,1
Kassam,1
Kateb,1
Khatib,1
Kawkab,1
Kazem,1
Keyan,1
Khadim,1
Khairy,1
Khalaf,1
Khaled,1
Khalid,1
Khalil,1
Khalifah,1
Khalifa,1
Khalis,1
Khamis,1
Khanan,1
Khatib,1
Khidrim,1
Kinan,1
Kiyan,1
Koumaïl,1
Koumeil,1
Kounout,1
Koussam,1
Prénoms Musulmans Garçons,1
Prénoms Musulmans Garçons,1
Prénoms Musulmans Garçons,1
Signification,1
Maad,1
Maamar,1
Maarouf,1
Marouf,1
Maatallah,1
Mabrouk,1
Mabsar,1
Madyan,1
Madiane,1
Mahad,1
Mahboub,1
Mahaj,1
Mahdi,1
Mehdi,1
Mahdy,1
Maher,1
Mahfoud,1
Mahjoub,1
Mahin,1
Maïmoun,1
Maïssour,1
Majd,1
Majd Udin,1
Majdi,1
Majdy,1
Majid,1
Makhlouf,1
Signification,1
Labed,1
Labib,1
Lâ'iq,1
Laïq,1
Lakdhar,1
Lablâb,1
Lâhiz,1
Lamine,1
Larbi,1
Larabi,1
Latif,1
Layin,1
Layth,1
Lika,1
Liwa,1
Lofti,1
Lu'ay,1
Luqman,1
Louqman,1
Loqman,1
Loqman,1
Loqman,1
Lotfy,1
Lufti,1
Signification,1
Nabah,1
Naber,1
Nabil,1
Nabir,1
Nacer,1
Nasser,1
Nassir,1
Nachit,1
Nacil,1
Nassim,1
Nadem,1
Nader,1
Nadir,1
Nadji,1
Nadjib,1
Nafaa,1
Makin,1
makine,1
Malek,1
Malih,1
Malik,1
Malick,1
Malouf,1
Mamdouh,1
Mamoune,1
Mamoun,1
Manal,1
Manal,1
Manil,1
Mansour,1
Maoulid,1
Maram,1
Marhane,1
Marjoub,1
Marouane,1
Marwan,1
Mashir,1
Massoud,1
Mayadmehd,1
Prénoms Musulmans Garçons,1
Lutayf,1
Louthayf,1
Nafed,1
Nafis,1
Nahar,1
Nahd,1
Nahel,1
Najah,1
Najeb,1
Najib,1
Nadjib,1
Najid,1
Najih,1
Najim,1
Najmi,1
Najouane,1
Namir,1
Naoual,1
Naouar,1
Naoufel,1
Naoufal,1
Nasr,1
Nasrallah,1
Nasri,1
Nassam,1
Nassih,1
Nasseh,1
Nassik,1
Nassim,1
Nawaf,1
Nawfel,1
Nawwar,1
Mawr,1
Mayas,1
Marouane,1
Marwan,1
Mejd,1
Mejid,1
Messaoud,1
Meyssane,1
Mijad,1
Mimoun,1
Missal,1
Mebarak,1
Miloud,1
Mimoun,1
Minjad,1
Mishaal,1
Miyas,1
Moha,1
Mohamed,1
Signification,1
Jabalah,1
Jabal,1
Jaber,1
Jabil,1
Jabir,1
Jabrane,1
Jabrane,1
Jady,1
Jaffar,1
Jafar,1
Jahed,1
Jahid,1
Jahir,1
Jahir,1
Jalal,1
Jalel,1
Jalal Udin,1
Jalal Eddine,1
Jalil,1
Jalis,1
Jamal,1
Jamal Udin,1
Jamal Eddine,1
Jamil,1
Jamel,1
Jaouad,1
Jaoud,1
Jarah,1
Jari,1
Nayel,1
Nazir,1
Nehd,1
Nehlan,1
Nessim,1
Nejmi,1
Nejm,1
Nezir,1
Nibal,1
Nidal,1
Nidal,1
Nizam,1
Noaïm,1
Noham,1
Nou'm,1
Nour,1
Noor,1
Nour eddinne,1
Noori,1
Nouri,1
Nordine,1
Noordine,1
Nouh,1
Nouh,1
Nowar,1
Prénoms Musulmans Garçons,1
Muhammad,1
Mohcine,1
Mohssine,1
Mokadem,1
Moukadem,1
Mokhtar,1
Momene,1
Moncef,1
Mostafa,1
Moustapha,1
Mustapha,1
Mustapha,1
Mustafa,1
Mouadh,1
Mouad,1
Mouamar,1
Mouammar,1
Moubachir,1
Moubarak,1
Moubin,1
Moudrik,1
Moudafar,1
Moudhafar,1
Moufid,1
Mouhib,1
Mouflih,1
Mouhayr,1
Mouhlam,1
Mouhsine,1
Mou'izz,1
Moujab,1
Mojab,1
Jarim,1
Jasim,1
Jasser,1
Jawad,1
Jawed,1
Jawdah,1
Jawdat,1
Jawhar,1
Jayad,1
Jazib,1
Jazil,1
Jebel,1
Jelel,1
Jalel,1
Jelil,1
Jelloul,1
Jemil,1
Jeyad,1
Jibril,1
Jihad,1
Jilali,1
Jilani,1
Jiwa,1
Jiyyed,1
Joubair,1
Joubayr,1
Joulab,1
Joudi,1
Jomala,1
Jounaid,1
Jounayd,1
Signification,1
Ibady,1
Ibrahim,1
Ibriz,1
Ibsar,1
Idir,1
Prénom berbère.,1
Idriss,1
Idris,1
Ifran,1
Ihab,1
Ihsen,1
Ihssene,1
Ihmas,1
Ihsan,1
Ijlal,1
Ikbal,1
Ikhlas,1
Ikram,1
Ilhamy,1
Ilias,1
Ilyas,1
Ilyes,1
Imad,1
Imade,1
Himad,1
Imed,1
Imaad,1
Imad,1
Eddine,1
Imad,1
dine,1
imadeddine,1
Iman,1
Udin,1
Imam,1
Imran,1
Imrane,1
Imrân,1
Moujahid,1
Moujib,1
Moukhlis,1
Mouloud,1
Mawloud,1
Moumen,1
Moumine,1
Moundir,1
Mounib,1
Mounir,1
Mounji,1
Mounjib,1
Mounjid,1
Mounsif,1
Mountasir,1
Mounsef,1
Mouqabal,1
Mourad,1
Mourid,1
Mourtada,1
Mourtadi,1
Mouslih,1
Mouslim,1
Moutahar,1
Mouatassim,1
Moutawakil,1
Mouzaffar,1
Mozhir,1
Mustaquim,1
Moustaquim,1
Mostaquim,1
Jounaidi,1
Joubayr,1
Joudan,1
Joulab,1
Joumala,1
Jouwad,1
Juma,1
Junaid,1
Junayd,1
Juzar,1
Juzar,1
Imtiyaz,1
In'am,1
Iqbal,1
Irchad,1
Irched,1
Irfane,1
Irfan,1
Irfân,1
Irshad,1
Ishak,1
Ishrat,1
Issam,1
Islem,1
Ismaël,1
Ismet,1
Ismat,1
Issa,1
Izmim,1
Prénoms Musulmans Garçons,1
Signification,1
Haazir,1
Habbabe,1
Habib,1
Hachem,1
Hachid,1
Hachim,1
Hachir,1
Hachmi,1
Hacine,1
Hadi,1
Hafed,1
Hafez,1
Hafid,1
Hafif,1
Hafiz,1
Haider,1
Hajal,1
Hakim,1
Haïtham,1
Hajir,1
Hakem,1
Hakim,1
Halim,1
Hammadi,1
Hamid,1
Hamis,1
Hamim,1
Hammadi,1
Hanafi,1
Hani,1
Hanif,1
Hares,1
Haroun,1
Hatem,1
Hatim,1
Haydar,1
Haytam,1
Hayyane,1
Hazem,1
Hazim,1
Helwane,1
Hicham,1
Hichem,1
Hisham,1
Hichmat,1
Haytam,1
Houbayche,1
Houmeid,1
Houssam,1
Hosseïn,1
Husseïn,1
Housny,1
Hosni,1
Houd,1
Humam,1
Prénoms Musulmans Garçons,1
Signification,1
Fadel,1
Fahad,1
Fahd,1
Fehd,1
Fadi,1
Fahdi,1
Fadil,1
Fadl,1
Fadlane,1
Fadwane,1
Fael,1
Faël,1
Fahd,1
Fahil,1
Fahim,1
Fahmane,1
Fahmi,1
Faisal,1
Faïd,1
Faïq,1
Faiz,1
Faïz,1
Fakher,1
Fakhri,1
Fakhry,1
Fakih,1
Falak,1
Faleh,1
Falah,1
Falih,1
Faraj,1
Fairouz,1
(Firouz) Mixte.,1
Fajr,1
Faltane,1
Faouz,1
Faraj,1
Farhane,1
Fahran,1
Fares,1
Faris,1
Farid,1
Faris,1
Fariz,1
Farouk,1
Fassih,1
Fateh,1
Faten,1
Fatin,1
Fatih,1
Fatim,1
Fatoun,1
Faudel,1
Fawwaz,1
Fawzi,1
Faycal,1
Fayad,1
Fayd,1
Fayyad,1
Fayek,1
Fawaz,1
Fawzi,1
Ferhat,1
Fethi,1
Ferhane,1
Ferqane,1
Fettah,1
Fida,1
Fikri,1
Firas,1
Fodayl,1
Faudel,1
Fodil,1
Fouad,1
Foued,1
Fourad,1
Fudail,1
Prénoms Musulmans Garçons,1
Signification,1
Gebrane,1
Gebril,1
Jibril,1
Ghadaf,1
Ghadi,1
Ghadir,1
Ghadwan,1
Ghaffour,1
Ghaïssane,1
Ghaït,1
Ghalib,1
Ghani,1
Ghannem,1
Ghanem,1
Ghanim,1
Ghaoui,1
Ghassan,1
Ghassane,1
Ghawth,1
Ghaylan,1
Ghazal,1
Ghazi,1
Ghaziz,1
Ghiath,1
Ghenim,1
Gihed,1
Jihad,1
Ghiyath,1
Ghorane,1
Ghoufrane,1
Prénoms Musulmans Garçons,1
Signification,1
Dahab,1
Dahy,1
Dahman,1
Daji,1
Dakwan,1
Dalham,1
Dalil,1
Daly,1
Dali,1
Danan,1
Dani,1
Dany,1
Dahoub,1
Daoud,1
Daran,1
Dari,1
Dary,1
Darine,1
Dawad,1
Dawadi,1
Dawsar,1
Dawy,1
Dayazell,1
Dhafir,1
Dhakir,1
Dhakiy,1
Dhakwan,1
Dhakwan,1
Dilham,1
Dine,1
Dirgham,1
Signification,1
Echik,1
Djafar,1
Djamel,1
Djamil,1
Djawad,1
Djaouad,1
Djelloul,1
Djibril,1
Jibril,1
Djillali,1
Driss,1
Idriss,1
Echir,1
Ecil,1
Asil,1
Ekil,1
Akil,1
Elarabi,1
Elias,1
Ilias,1
Ilies,1
Eliyacin,1
Eliassa,1
Emin,1
Amin,1
Enas,1
Erib,1
Arib,1
Equi,1
Aquil,1
Erkan,1
Esmat,1
Ismat,1
Essam,1
Issam,1
Bachache,1
Bachar,1
Bachir,1
Badawi,1
Badaoui,1
Badi,1
Badil,1
Badir,1
Badr,1
Badreddine,1
Badr,1
Eddine,1
Baha,1
Eddine,1
Baha,1
Badr,1
Udin,1
Baha,1
Baher,1
Bahij,1
Bahi,1
Bahir,1
Bakir,1
Bakri,1
Baligh,1
Bandar,1
Bâqi,1
Baqir,1
Bara,1
Barak,1
Barakah,1
Bäri,1
Barir,1
Barkat,1
Bârr,1
Basel,1
Basil,1
Bassil,1
Bâsâm,1
Bassam,1
Bassem,1
Bessem,1
Bashâr,1
Bashir,1
Bassim,1
Batal,1
Bayan,1
Bechir,1
Behzad,1
Belaïd,1
Prénom berbère,1
Belhaj,1
Prénom berbère,1
Béjil,1
Bajil,1
Belkacem,1
Bijal,1
Bilal,1
Bilel,1
Bishr,1
Boualem,1
Boubacar,1
Boubakeur,1
Boujemaa,1
Boudjemaa,1
Boumedienne,1
Bourhane,1
Borhene,1
Boutrous,1
Bouziane,1
Bouzid,1
Brahim,1
Burhanudin,1
Prénoms Musulmans Garçons,1
Signification,1
Camil,1
Chabib,1
Chadheur,1
Shadr,1
Chaddad,1
Chadi,1
Shadi,1
Chadid,1
Chahdar,1
Shahdar,1
Chadli,1
Chafi,1
Chafik,1
Shafik,1
Chahed,1
Shahid,1
Chahder,1
Chahine,1
Chahir,1
Chaker,1
Chakib,1
Chalel,1
Chamekh,1
Chamikh,1
Chamil,1
Chamis,1
Chams,1
Chems,1
Chamseddine,1
Chanib,1
Charaf,1
Charef,1
Charafedine,1
Charif,1
Cherif,1
Chawal,1
Chawdeb,1
Chawki,1
Chaybane,1
Chebib,1
Shabib,1
Chehda,1
Chedid,1
Chahid,1
Chems,1
Chihab,1
Chiheb,1
Chihabeddine,1
Choukri,1
Chiheb,1
Choumays,1
Shumays,1
name,gender
Ababil,2
Abhar,2
Abeda,2
Abia,2
Aabicha,2
Abida,2
Abir,2
Abla,2
Abouch,2
Abra,2
Abrar,2
Achika,2
Acheqa,2
Achoura,2
Achoura,2
Adeela,2
Adela,2
Adhba,2
Adiba,2
Adila,2
Adra,2
Adhraa,2
Adhria,2
Adria,2
Adina,2
Adiva,2
Adla,2
Adlae,2
Adlia,2
Adma,2
Afaf,2
Afef,2
Afaq,2
Afia,2
Afifa,2
Afia,2
Afnane,2
Aafraa,2
Afsa,2
Afsana,2
Ahdaf,2
Ahdaf,2
Ahdaf,2
Ahlam,2
Ahlem,2
Ahouaz,2
Aïcha,2
Ayacha,2
Aïchatou,2
Aïda,2
Aïna,2
Aïna,2
Aqila,2
Akic,2
Aqic,2
Alhane,2
Alaia,2
Alia,2
Alya,2
Alifa,2
Alima,2
Alina,2
Alisha,2
Aliya,2
Alya,2
Alya,2
Aaliyah,2
Alyia,2
Allyah,2
Alia,2
Alliyah,2
Alma,2
Alouane,2
Alouf,2
Alwa,2
Aloua,2
Amal,2
Amel,2
Amelle,2
Amana,2
Amane,2
Aman,2
Amani,2
Amara,2
Amaya,2
Amelia,2
Amaliya,2
Amalia,2
Ambre,2
Ambrine,2
Ameina,2
Amenis,2
(Prénom égyptien ancien),2
Amila,2
Amina,2
Aminatou,2
Amira,2
Amna,2
Amra,2
Amria,2
Andala,2
Anadile,2
Ania,2
Anida,2
Aniqa,2
Anissa,2
Anisah,2
Aneesa,2
Aouatif,2
Arifa,2
Arij,2
Arshiya,2
Arwa,2
Asalah,2
Asifa,2
Asiya,2
Asjade,2
Asmaa,2
Asma,2
Asmae,2
Asmahane,2
Asmat,2
Assia,2
Asra,2
Asrar,2
Assila,2
Atifa,2
Atefa,2
Atiqa,2
Atiqua,2
Atiya,2
Awalif,2
Awanis,2
Awatef,2
Awatif,2
Awatif,2
Ayat,2
Ayada,2
(Prénom ancien),2
Ayan,2
Ayana,2
Ayate,2
Aymen,2
Ayra,2
Azhar,2
Azima,2
Azhima,2
Aziza,2
Yenia,2
Azeeza,2
Azmiya,2
Azmia,2
Azza,2
aadana,2
Saada,2
Saadia,2
Saamiya,2
Sabae,2
Sabah,2
Sabeha,2
Sabia,2
Sabla,2
Sadia,2
Safae,2
Saffana,2
Safia,2
Safiya,2
Safera,2
Safoua,2
Safwa,2
Sajda,2
Sahar,2
Sahira,2
Saïba,2
Sajoua,2
Sakia,2
Salam,2
Salma,2
Samaa,2
Sanae,2
Saroua,2
Sarwa,2
Sayfana,2
Sedina,2
ephora,2
Safoura,2
Shahd,2
Sirine,2
Soheila,2
Soukeina,2
Soukayna,2
Soundous,2
Sourour,2
Obabe,2
Odaïba,2
Oudhayba,2
Okhowa,2
Olaya,2
Olayya,2
Olfa,2
Oulfa,2
Omaya,2
Omeya,2
Omera,2
Omnia,2
Omniya,2
Ouacila,2
Ouadia,2
Ouadida,2
Ouadha,2
Ouafa,2
Ouafiqa,2
Ouafiya,2
Ouahiba,2
Ouhahida,2
Ouajida,2
Ouajiha,2
Ouajna,2
Oualaya,2
Oualiya,2
Oualida,2
Ouarda (Warda),2
Ouassama,2
Ouassima,2
Ouasma,2
Oubayda,2
Oudayna,2
Oudhouba,2
Ouajiha,2
Ouidad,2
Ouifaq,2
Ouissal,2
Oulfa,2
Oumaya,2
Oumayma,2
Oumaïma,2
Omayma,2
Oum Ayman,2
Oum Habiba,2
Oum Salama,2
Oumama,2
Oumniya,2
Oumsiya,2
Ounsiya,2
Ounsia,2
Oureiba,2
Ourayb,2
Ousfoura,2
Osfora,2
Oussaïma,2
Oussayma,2
Ouzouba,2
Qaïma,2
Quamar,2
Quasséma,2
Quassima,2
Quoudsia,2
Qounout,2
Kounout,2
Nabila,2
Nabeela,2
Nachéda,2
Nachita,2
Nacira,2
Nacera,2
Nada,2
Neda,2
Nadea,2
Nadema,2
Nadima,2
Nadera,2
Nadia,2
Nadida,2
Nadira,2
Nadiya,2
Nadjia,2
Nadjiba,2
Nadra,2
Nadwa,2
Naelle,2
Naema,2
Nafal,2
Nafia,2
Nafisa,2
Nafissa,2
Naflah,2
Nagina,2
Nahar,2
Nahed,2
Nahra,2
Nahida,2
Nahla,2
Naïfa,2
Naïla,2
Nayla,2
Neyla,2
Naïma,2
Nayma,2
Naïm,2
Naïmallah,2
Naïmoullah,2
Najah,2
Najat,2
Najet,2
Nejah,2
Najia,2
Najiba,2
Najiya,2
Najat,2
Najwa,2
Najoua,2
Najla,2
Najlae,2
Nejla,2
Najma,2
Nedjma,2
Najmia,2
Najmiya,2
Najoua,2
Najwa,2
Najoud,2
Najya,2
Namia,2
Naoual,2
Naoura,2
Narima,2
Narjess,2
Narjis,2
Nardjess,2
Nassera,2
Nashida,2
Nashita,2
Nasira,2
Nasma,2
Nasria,2
Nasriya,2
Nassama,2
Nasseha,2
Nassiha,2
Nassera,2
Nassira,2
Nassiba,2
Nassika,2
Nassima,2
Nessima,2
Natira,2
Nathira,2
Nawal,2
Nawel,2
Nawar,2
Nawfa,2
Nawres,2
Nawras,2
Nawrae,2
Nayara,2
Nayira,2
Nayla,2
Neila,2
Neila,2
Nazaha,2
Nazema,2
Naziha,2
Nazima,2
Nazira,2
Naziya,2
Nazma,2
Nedjwa,2
Nehida,2
Nefissa,2
Nehla,2
Nejiba,2
Nejla,2
Nejma,2
Nellia,2
Nérimane,2
Nermine,2
Nesayem,2
Nesrine,2
Nasrine,2
Nissrine,2
Nessima,2
Nezha,2
Neziha,2
Nezli,2
Nibal,2
Nihal,2
Nimat,2
Nima,2
Nisrina,2
Nissam,2
Nizam,2
Noha,2
Nouha,2
Nora,2
Nour,2
Noor,2
Nouara,2
Nouhad,2
Nourallah,2
Nour elislam,2
Nourjahane,2
Nourelhaq,2
Norane,2
Nourane,2
Noria,2
Nouria,2
Nouriya,2
Nouha,2
Nourjahan,2
Noussayba,2
Nouzha,2
Nudhar,2
Nuha,2
Nusra,2
Kabboura,2
Kabira,2
Kaceba,2
Kassaba,2
Kacema,2
Kadera,2
Kafia,2
Kafila,2
Khadima,2
Kahila,2
Kaïma,2
Kamila,2
Kamla,2
Kaneza,2
Karima,2
Kadhija,2
Kadhima,2
Kahla,2
Kahila,2
Kahina,2
Kamar,2
Kamal,2
Kamelia,2
Kamila,2
Kamil,2
Kaneza,2
Kaoussar,2
Karame,2
Karwana,2
karouana,2
Jabha,2
Jabirah,2
Laali,2
Labwa,2
Ladna,2
Ledna,2
Lafifa,2
Laela,2
Kassima,2
Kawkab,2
Kawtar,2
Kawtar,2
Kawthar,2
Kayrawan,2
Kerwan,2
Kaysara,2
Kazem,2
Kazema,2
Kasima,2
Kella,2
Keltoum,2
Kemila,2
Kenza,2
Khadouj,2
Khairiya,2
Khadra,2
Khalal,2
Khalfia,2
Khalissa,2
kalissa,2
Khaoula,2
Khatiba,2
Khatima,2
Khawda,2
Khawla,2
Kheira,2
Khaïra,2
Kheylae,2
Kheylane,2
Kheizran,2
Khira,2
Jabira,2
Jada,2
Jadwa,2
Jadira,2
Jedira,2
Jadhba,2
Jadba,2
Jahdiba,2
Jaziba,2
Jafla,2
Jafna,2
Jahida,2
Jaheda,2
Jahla,2
Jahlaa,2
Jahra,2
Jahira,2
Jalal,2
Jalel,2
Jalel,2
Jalel,2
Jamaste,2
Jamail,2
Jamale,2
Lahna,2
Lehna,2
Lena,2
Lalie,2
Laali,2
Laïtha,2
Layta,2
Lamaane,2
Lamha,2
Laouza,2
Lawza,2
Louza,2
Latifa,2
Layina,2
Laylak,2
Laymona,2
Lekbira,2
Létine,2
Leyal,2
Layal,2
Lila,2
Lilia,2
Line,2
Line,2
Lotfia,2
Louna,2
Lona,2
Khitam,2
Khiyara,2
Khnata,2
Khouloud,2
Koumriya,2
Khouzama,2
Kida,2
Kifah,2
Kouma,2
Koumeil,2
Kounaiza,2
Jamla,2
Janad,2
Janade,2
Janna,2
Jana,2
Janah,2
Jahra,2
Jahrae,2
Jalwae,2
Jannate,2
Jasmine,2
Jawna,2
Jaouna,2
Jawwada,2
Jawda,2
Jaouda,2
Jawhar,2
Jawahir,2
Jawdana,2
Joudana,2
Jawida,2
Jayada,2
Jeyada,2
Jayda,2
Jaïda,2
Jazila,2
Jézila,2
Jazwa,2
Jelila,2
Jelwa,2
Jaloua,2
Jaloua,2
Louzia,2
Luwaysa,2
Louwaysa,2
Jaloua,2
Jenna,2
Janna,2
Jethala,2
Jeyada,2
Jihad,2
Gihed,2
Jilan,2
Jilan,2
Jilan,2
Jinane,2
Jinen,2
Johaïna,2
Johayna,2
Johar,2
Joud,2
Joude,2
Jounada,2
Jonada,2
Jounayna,2
Jonayna,2
Junayna,2
Jouriya,2
ouwayda,2
Jouweria,2
Juhana,2
Ibana,2
Ibchar,2
Ibdaa,2
Ibdar,2
Ibtidaa,2
Ibtidar,2
Ibtihaj,2
Ibtihal,2
Ibtisam,2
Ibtissam,2
ibtissem,2
Icha,2
Ichraf,2
Ichrak,2
Ihab,2
Ihdiha,2
Ihsane,2
Ijara,2
Ijdhal,2
Ijdel,2
Ijzel,2
Ijlal,2
Ikmal,2
Iktimal,2
Ilham,2
Ilhem,2
Ilya,2
Ilia,2
Ilyana,2
Ilyane,2
Imane,2
Imene,2
Iman,2
Imtinane,2
Imtissal,2
Imtital,2
Inaame,2
Inaya,2
Inchirah,2
Inayya,2
Insyya,2
Iqbal,2
Ikbal,2
Irfane,2
Irna,2
Irtina,2
Irtinam,2
Ismahen,2
Islah,2
Islane,2
Isma,2
Ismae,2
Ismahen,2
Isra,2
Israe,2
Issaad,2
Ithbate,2
Itbate,2
Isbate,2
Itimad,2
Itissam,2
ittisame,2
Itto,2
Itto,2
Izza,2
Ghalia,2
Ghaliya,2
Garmiyya,2
Gamra,2
Ghada,2
Ghafira,2
Ghoufayra,2
Ghaith,2
Ghalia,2
Ghalibah,2
Ghaliyya,2
Ghaliya,2
Ghalia,2
Ghanima,2
Ghaniya,2
Ghannou,2
Gharam,2
Ghariba,2
Garmia,2
Ghaya,2
Ghayda,2
Ghayssana,2
Ghazal,2
Ghazala,2
Ghazela,2
Ghaziya,2
Ghimar,2
Ghita,2
Ghoufrane,2
Ghofrane,2
Ghouroub,2
Ghouzayl,2
Ghumayza,2
Ghziyyel,2
Gihed,2
Jihad,2
Gohar,2
Goucème,2
Goumria,2
Gulzar,2
Guraya,2
Daad,2
Dahab,2
Dahwa,2
Dahoua,2
Dalal,2
Dalia,2
Dalila,2
Dalis,2
Daliyah,2
Daloula,2
Damia,2
Damina,2
Damissa,2
Damitha,2
Damatha,2
Dana,2
Daneen,2
Daniya,2
Dania,2
Daouia,2
Dajla,2
Darya,2
Dasin,2
Dawiya,2
Dawla,2
Dayffa,2
Deha,2
Delal,2
Delya,2
Demsa,2
Diba,2
Dihya,2
Damya,2
Dima,2
Dimah,2
Dhimam,2
Dhimam,2
Dimam,2
Diana,2
Diyana,2
Difla,2
Doufla,2
Dimaks,2
Dina,2
Dirwa,2
Dourwa,2
Diya,2
Djamila,2
Djemila,2
Djawida,2
Djaouida,2
Doha,2
Douha,2
Douja,2
Dounia,2
Donia,2
Dora,2
Dourra,2
Dorra,2
Douha,2
Dour,2
Dourria,2
Douria,2
Drifa,2
Drissia,2
Durriyah,2
Bacha,2
Bachécha,2
Bachira,2
Badda,2
Badhel,2
Badia,2
Badia,2
Badea,2
Badhila,2
Badira,2
Badiyah,2
Baddiya,2
Badiya,2
Badra,2
Badria,2
Badriya,2
Baha,2
Bahae,2
Bahar,2
Bahera,2
Bahia,2
Bahira,2
Bahiya,2
Bahja,2
Bahjat,2
Bahkta,2
Bahma,2
Bajla,2
Bajila,2
Bajlae,2
Baligha,2
Balira,2
Balsame,2
Balsam,2
Baqira,2
Baria,2
Bariah,2
Barira,2
Bariza,2
Barkha,2
Barka,2
Barza,2
Basma,2
Bassema,2
Bassima,2
Bashira,2
Basilah,2
Bassila,2
Batil,2
Batina,2
Batoul,2
Baya,2
Bayan,2
Bayda,2
Bazela,2
Bazila,2
Bazel,2
Bechira,2
Bedia,2
Bediaa,2
Beha,2
Behija,2
Behja,2
Bejila,2
Bella,2
Balla,2
Besma,2
Beya,2
Beyda,2
Bilad,2
Bissane,2
Bouchra,2
Boudour,2
Boussaïna,2
Bouthaïna,2
Buthayna,2
Btissam (ibtissam),2
Habiba,2
Habka,2
Hachmia,2
Habdae,2
Hachida,2
Hadaya,2
Hadba,2
Hedba,2
Hadiya,2
Hadda,2
Hadia,2
Hadna,2
Hedna,2
Hadria,2
Hafsa,2
Hafida,2
Hafiza,2
Hafsa,2
Haïda,2
Haifa,2
Hajja,2
Hajila,2
Hakka,2
Hakema,2
Hakima,2
Halae,2
Halia,2
Halima,2
Hamama,2
Hamida,2
Hamima,2
Hamissa,2
Hamsae,2
Hana,2
Hanane,2
Hanen,2
Hania,2
Hanifa,2
Hannou,2
Hanouna,2
Hasseba,2
Hassina,2
Hassiya,2
Haya,2
Hayaa,2
Hayâm,2
Hayam,2
Hayat,2
Hayba,2
Hayfaa,2
Haïfa,2
Halewa,2
Hayla,2
Haymane,2
Hazema,2
Haziza,2
Hedda,2
Hedia,2
Henda,2
Hiba,2
Hibae,2
Hidaya,2
Hikmat,2
Hilal,2
Hilala,2
Hilela,2
Hilyya,2
Helia,2
Hinna,2
Henna,2
Hind,2
Hinda,2
Hissane,2
Hiyam,2
Hobeyba,2
Honayna,2
Horra,2
Houda,2
Houlwa,2
Houma,2
Houra,2
Houriya,2
Houria,2
Housna,2
Housniyya,2
Houyyam,2
Houzouz,2
Houweitate,2
Ebla,2
Efrae,2
Ejna,2
Ekila,2
Eiliyah,2
Eimaan,2
Eman,2
Eliza,2
Elma,2
Emel,2
Emelle,2
Emina,2
Emla,2
Emma,2
Emma,2
Emna,2
Eniza,2
Eraj,2
Erina,2
Ermina,2
Erum,2
Eshal,2
Esma,2
Essa,2
Ezzah,2
Ezzahia,2
Ezzahra,2
Maani,2
Mabrouka,2
Machaa,2
Machiha,2
Mada,2
Madaniya,2
Madania,2
Madiha,2
Maha,2
Mahabbah,2
Mahaba,2
Mahassine,2
Mahat,2
Mahbouba,2
Mahdia,2
Mahdiya,2
Mahira,2
Mahnour,2
Mahjouba,2
Mahroussa,2
Majida,2
Maïmana,2
Maïmouna,2
Makina,2
Mardiya,2
Maïssoun,2
Maysoun,2
Maïssa,2
Maïssam,2
Maissane,2
Maysan,2
Maissara,2
Maïza,2
Majda,2
Majdiya,2
Majdia,2
Majdae,2
Majdouline,2
Majeda,2
Majida,2
Malak,2
Malak,2
Malaïka,2
Malda,2
Maliha,2
Malika,2
Mamdouha,2
Mahmouda,2
Mamouna,2
Manaar,2
Manal,2
Manoua,2
Mariam,2
Meryem,2
Maryam,2
Maram,2
Marhama,2
Maroua,2
Marwa,2
Mardiya,2
Maria,2
Marjane,2
Marjana,2
Morjane,2
Mourjane,2
Marwa,2
Marwane,2
Marzouqa,2
Massaouda,2
Mawiya,2
Mawish,2
Mawhouba,2
Mawlouda,2
Mawlouda,2
Mayassa,2
Mayla,2
Maymana,2
Maysam,2
Maysan,2
Maysane,2
Maysoun,2
Mazaya,2
Mazeya,2
Maziya,2
Meghighda,2
Mejd,2
Mehar,2
Mehek,2
Meimouna,2
Memoona,2
Meliha,2
Melya,2
Mellina,2
Messara,2
Meissoum,2
Mejda,2
Messaouda,2
Midad,2
Milouda,2
Mimouna,2
Mina,2
Minane,2
Minnatallah,2
Minnatoullah,2
Minjad,2
Misha,2
Missal,2
Mobaraka,2
Mona,2
Monia,2
Moubachira,2
Moubina,2
Morjane,2
Moufida,2
Mounjiza,2
Mounia,2
Monya,2
Mouna,2
Mounya,2
Mounira,2
Mouhsina,2
Moujaba,2
Moujia,2
Moukhlissa,2
Moukhtara,2
Moulhama,2
Moulaïka,2
Moumina,2
Mounawara,2
Mouniba,2
Mounifa,2
Mounira,2
Mounjia,2
Mounjida,2
Mountassira,2
Mourida,2
Mourlissa,2
Mourtara,2
Mosseika,2
Moutassima,2
Mouzafara,2
Mouzna,2
Mufida,2
Mumtaz,2
Munira,2
Mushira,2
Mourida,2
Fadela,2
Fadila,2
Fadhim,2
Fadia,2
Fadhla,2
Fadma,2
Fadwa,2
Fahima,2
Fahmia,2
Faïda,2
Faïqua,2
Fakhita,2
Fahkra,2
Falak,2
Falisha,2
Fama,2
Fanna,2
Famya,2
Fadila,2
Fadoua,2
Fadwa,2
Fahima,2
Fahmia,2
Fairouz,2
Faïza,2
Falak,2
Faouzia,2
Farah,2
Ferha,2
Farra,2
Farida,2
Fareedah,2
Fariha,2
Fariza,2
Farhana,2
Fariaa,2
Feriaa,2
Faroudja,2
Farouja,2
Farwa,2
Fassiha,2
Fatana,2
Faténa,2
Faten,2
Fatine,2
Fathia,2
Fatiha,2
Fatima,2
Fatim,2
Fatim Zohra,2
Fatim Ezzohra,2
Fatine,2
Fatma,2
Fatna,2
Fattouma,2
Fattoum,2
Fatna,2
Fayhae,2
Fawze,2
Fedda,2
Fella,2
Ferhana,2
Ferial,2
Feryel,2
Ferida,2
Fernaz,2
Fétina,2
Fetna,2
Fettouma,2
Fidae,2
Fida,2
Fikria,2
Fnina,2
Firassa,2
Firdaws,2
Fitna,2
Firouz,2
Firouza,2
Fodayla,2
Fodeila,2
Foulla,2
